city,station,crop,arabic,workbook_row,condition,status,best_sowing,harvest,season_days,stages_ini_dev_mid_late,heat_days,cold_nights,stress_degC_days,et0_mm,etc_mm,net_m3_ha,net_dry_air_bound_m3_ha,gross_m3_ha,peak_etc_mm_day,low_stress_windows,finishes_in_time_windows,paper_method_best,best_date_rule,lowest_risk_sowing,lowest_risk_stress_degC_days,lowest_risk_gross_m3_ha
riyadh,الرياض (Riyadh),Sweet corn,ذرة حلوة,64,Undefined / Undefined,recommended,Apr 01,Jun 07,68,19/23/18/8,9,0,6.0,464,378,3779,4032,4199,9.15,Jan 30-Mar 31; Aug 29-Sep 17,Jan 30-Sep 18,Jul 19,paper_index_hu_temp,Sep 04,0.3,3427
riyadh,الرياض (Riyadh),Garlic,ثوم,11,Undefined / Undefined,recommended,Dec 15,Apr 10,117,33/43/24/17,0,0,0.0,424,377,3768,3932,4186,5.45,Oct 25-Dec 31,Jan 01-Dec 31,Aug 06,paper_index_hu_temp,Oct 30,0.5,3148
riyadh,الرياض (Riyadh),Onions {dry},بصل,20,Arid Region; Calif. / Oct; Jan.,recommended,Jan 16,May 26,131,41/30/42/18,27,0,65.5,628,574,5740,5998,6377,7.43,Sep 29-Dec 05,Jan 01-Dec 31,Aug 17,paper_index_hu_temp,Oct 05,0.1,5707
riyadh,الرياض (Riyadh),Spinach,سبانخ,26,Arid Region / November,recommended,Feb 24,Apr 01,37,14/12/8/3,28,0,62.6,156,138,1378,1421,1531,5.23,Nov 23-Jan 27,Jan 01-Dec 31,Oct 08,paper_index_hu_temp,Nov 29,0.1,1222
riyadh,الرياض (Riyadh),Radish,فجل,28,Arid Region / Winter,recommended,Feb 24,Apr 05,41,11/10/15/5,3,0,0.6,178,153,1527,1587,1697,4.84,Jan 29-Mar 01; Oct 25-Nov 15,Jan 01-Dec 31,Oct 08,paper_index_hu_temp,Nov 07,0.0,1150
riyadh,الرياض (Riyadh),Lettuce,خس,17,Arid Region / Oct/Nov,recommended,Feb 01,Apr 14,73,29/26/17/1,28,0,71.6,297,263,2629,2711,2921,6.14,Nov 11-Dec 31,Jan 01-Dec 31,Sep 20,paper_index_hu_temp,Nov 18,0.0,2612
riyadh,الرياض (Riyadh),Watermelon,بطيخ,54,Near East (desert) / Mat/Aug,recommended,Apr 21,Jul 12,83,13/20/20/30,16,0,7.0,647,534,5339,5609,5932,8.72,Mar 22-Apr 17; Jul 27-Aug 06,Mar 22-Aug 06,Jun 29,paper_index_hu_temp,Mar 27,0.1,5900
riyadh,الرياض (Riyadh),Squash,كوسة,47,Medit.; Arid Reg. / Apr; Dec.,recommended,Mar 25,May 18,55,10/19/16/10,2,0,0.4,341,278,2781,2922,3090,7.07,Mar 14-Apr 03; Sep 12-Sep 17,Nov 25-Nov 09,Aug 24,paper_index_hu_temp,Mar 26,0.4,3044
riyadh,الرياض (Riyadh),Potato,بطاطس,70,(Semi)Arid Climate / Jan/Nov,recommended,Feb 08,May 13,95,23/27/23/22,57,0,301.5,470,384,3843,4005,4270,6.84,Nov 11-Nov 22,Jan 01-Dec 31,Sep 14,paper_index_hu_temp,Nov 16,0.4,3914
riyadh,الرياض (Riyadh),Broccoli,بروكلي,1,"Calif. Desert, USA / Sept",possible_with_risk,Feb 17,Apr 19,62,19/18/20/5,17,0,25.9,281,268,2684,2795,2983,6.73,,Jan 01-Dec 31,Aug 30,paper_index_hu_temp,Jan 31,7.3,2873
riyadh,الرياض (Riyadh),"Beans, green",فاصوليا خضراء,86,"Calif., Egypt, Lebanon / Aug/Sep",possible_with_risk,Mar 28,May 16,50,10/16/17/7,17,0,26.9,311,272,2718,2851,3020,7.47,,Jan 07-Oct 19,Aug 07,paper_index_hu_temp,Mar 15,11.1,3015
riyadh,الرياض (Riyadh),Cucumber {Fresh Market},خيار,42,Arid Region / Nov; Feb,possible_with_risk,Aug 11,Oct 10,61,11/15/24/11,56,0,250.2,404,341,3414,3560,3793,6.93,,Jan 01-Dec 31,Aug 11,paper_index_hu,Mar 16,91.3,4406
riyadh,الرياض (Riyadh),Cucumber {Fresh Market},خيار,41,Arid Region / June/Aug,possible_with_risk,Aug 11,Oct 10,61,11/15/24/11,56,0,250.2,404,341,3414,3560,3793,6.93,,Jan 01-Sep 28,Aug 11,paper_index_hu,Mar 16,91.3,4406
riyadh,الرياض (Riyadh),EggPlant,باذنجان,30,Arid Region / October,possible_with_risk,Aug 20,Oct 26,68,11/24/24/9,47,0,182.7,408,354,3542,3709,3936,6.31,,Nov 12-Oct 18,Aug 20,paper_index_hu,Mar 10,89.8,4750
riyadh,الرياض (Riyadh),Sweet Melons,شمام,52,Arid Region / Dec/Jan,possible_with_risk,Aug 05,Oct 08,65,7/23/18/17,45,0,137.6,442,362,3621,3772,4023,7.02,,Jan 01-Dec 31,Aug 05,paper_index_hu,Mar 15,32.2,4742
riyadh,الرياض (Riyadh),Cauliflower,قرنبيط,7,"Calif. Desert, USA / Sept",possible_with_risk,Mar 05,May 20,77,41/26/8/2,48,0,212.4,441,366,3657,3747,4063,7.89,,Jan 01-Dec 31,Aug 29,paper_index_hu_temp,Jan 09,76.1,3864
riyadh,الرياض (Riyadh),Cabbage,ملفوف,3,"Calif. Desert, USA / Sept",possible_with_risk,Feb 17,May 17,90,51/28/8/3,45,0,187.0,473,391,3912,4007,4346,7.71,,Jan 01-Dec 31,Aug 30,paper_index_hu_temp,Oct 31,90.4,4171
riyadh,الرياض (Riyadh),Lentil,عدس,106,Arid Region / Oct/Nov,possible_with_risk,Mar 28,Jun 07,72,6/13/32/21,39,0,131.0,484,401,4013,4208,4459,7.84,,Jan 01-Dec 31,Aug 07,paper_index_hu_temp,Mar 05,76.2,4334
riyadh,الرياض (Riyadh),Carrots,جزر,4,Arid climate / Oct/Jan,possible_with_risk,Feb 01,May 11,100,30/32/25/13,49,0,228.5,475,420,4197,4356,4664,6.58,,Nov 28-Oct 28,Sep 01,paper_index_hu_temp,Oct 28,21.0,4528
riyadh,الرياض (Riyadh),Tomato,طماطم,34,Arid Region / January,possible_with_risk,Aug 10,Nov 30,113,16/31/50/16,57,18,278.8,608,552,5522,5756,6135,6.49,,Dec 01-Sep 24,Aug 10,paper_index_hu,Feb 15,227.5,7414
riyadh,الرياض (Riyadh),Tomato,طماطم,37,Arid Region / Oct/Nov,possible_with_risk,Aug 10,Nov 30,113,16/31/50/16,57,18,278.8,608,552,5522,5756,6135,6.49,,Jan 01-Dec 31,Aug 10,paper_index_hu,Feb 15,227.5,7414
riyadh,الرياض (Riyadh),Okra,بامية,29,Undefined / Undefined,possible_with_risk,Apr 29,Aug 17,111,21/30/40/20,110,0,703.1,892,716,7162,7600,7958,8.14,,Mar 01-Jul 22,Jul 05,paper_index_hu_temp,Mar 01,415.8,7767
riyadh,الرياض (Riyadh),Sweet peppers {bell},فلفل رومي,33,Arid Region / October,possible_with_risk,Aug 22,Apr 02,224,20/79/121/4,45,147,854.2,928,845,8449,8823,9388,6.01,,Jan 01-Dec 31,Aug 22,paper_index_hu,Mar 02,421.7,8653
riyadh,الرياض (Riyadh),Mulukhiyah,ملوخية,62,Undefined / Undefined,possible_with_risk,Apr 23,Sep 10,141,21/30/60/30,134,0,844.8,1104,1008,10080,10740,11200,9.0,,Jan 27-Jul 12,Aug 11,paper_index_hu_temp,Feb 19,606.8,10838
jeddah,جدة (Jeddah I.E.),Squash,كوسة,47,Medit.; Arid Reg. / Apr; Dec.,recommended,Sep 23,Nov 08,47,7/14/15/11,0,0,0.0,246,199,1994,2093,2216,5.31,Jan 01-Dec 31,Jan 01-Dec 31,Sep 23,paper_index_hu_temp,Oct 14,0.0,2160
jeddah,جدة (Jeddah I.E.),Sweet corn,ذرة حلوة,64,Undefined / Undefined,recommended,Jul 22,Sep 16,57,13/19/18/7,0,0,0.0,387,309,3089,3292,3432,7.78,Jan 01-Dec 31,Jan 01-Dec 31,Jul 22,paper_index_hu_temp,Oct 02,0.0,2986
jeddah,جدة (Jeddah I.E.),Sweet Melons,شمام,52,Arid Region / Dec/Jan,recommended,Aug 28,Nov 05,70,8/25/20/17,0,0,0.0,395,323,3234,3369,3593,5.71,Jan 01-Dec 31,Jan 01-Dec 31,Aug 28,paper_index_hu_temp,Sep 26,0.0,3419
jeddah,جدة (Jeddah I.E.),"Beans, green",فاصوليا خضراء,86,"Calif., Egypt, Lebanon / Aug/Sep",recommended,Apr 02,May 16,45,8/14/17/6,2,0,0.1,293,257,2565,2691,2850,7.27,Sep 21-Apr 14,Jan 01-Dec 31,Aug 25,paper_index_hu_temp,Oct 24,0.0,2104
jeddah,جدة (Jeddah I.E.),Watermelon,بطيخ,54,Near East (desert) / Mat/Aug,recommended,Jun 21,Sep 08,80,10/20/20/30,0,0,0.0,569,467,4670,4901,5189,7.74,Mar 02-Sep 18,Mar 02-Sep 18,Jun 21,paper_index_hu_temp,Sep 07,0.0,4202
jeddah,جدة (Jeddah I.E.),Cucumber {Fresh Market},خيار,42,Arid Region / Nov; Feb,recommended,Oct 03,Dec 12,71,12/18/29/12,0,0,0.0,338,287,2872,2997,3191,4.82,Sep 21-Mar 18,Jan 01-Dec 31,Sep 15,paper_index_hu_temp,Oct 07,0.0,3176
jeddah,جدة (Jeddah I.E.),Cucumber {Fresh Market},خيار,41,Arid Region / June/Aug,recommended,Oct 03,Dec 12,71,12/18/29/12,0,0,0.0,338,287,2872,2997,3191,4.82,Sep 21-Mar 18,Jan 01-Dec 31,Sep 15,paper_index_hu_temp,Oct 07,0.0,3176
jeddah,جدة (Jeddah I.E.),EggPlant,باذنجان,30,Arid Region / October,recommended,Oct 07,Dec 21,76,14/27/27/8,0,0,0.0,353,307,3067,3212,3408,4.73,Sep 21-Mar 14,Jan 01-Dec 31,Oct 07,paper_index_hu_temp,Oct 07,0.0,3408
jeddah,جدة (Jeddah I.E.),Lentil,عدس,106,Arid Region / Oct/Nov,recommended,Apr 02,Jun 11,71,6/11/31/23,28,0,23.9,482,397,3968,4159,4409,7.46,Sep 21-Mar 14,Jan 01-Dec 31,Aug 25,paper_index_hu_temp,Oct 26,0.0,3176
jeddah,جدة (Jeddah I.E.),Onions {dry},بصل,20,Arid Region; Calif. / Oct; Jan.,recommended,Oct 05,Jan 16,104,19/20/41/24,0,0,0.0,473,427,4270,4455,4745,4.81,Sep 21-Feb 14,Jan 01-Dec 31,,lowest_risk,Oct 05,0.0,4745
jeddah,جدة (Jeddah I.E.),Tomato,طماطم,34,Arid Region / January,recommended,Oct 03,Jan 18,108,16/32/48/12,0,0,0.0,493,459,4585,4789,5095,4.9,Sep 21-Feb 10,Jan 01-Dec 31,Sep 10,paper_index_hu_temp,Oct 02,0.1,5056
jeddah,جدة (Jeddah I.E.),Tomato,طماطم,37,Arid Region / Oct/Nov,recommended,Oct 03,Jan 18,108,16/32/48/12,0,0,0.0,493,459,4585,4789,5095,4.9,Sep 21-Feb 10,Jan 01-Dec 31,Sep 10,paper_index_hu_temp,Oct 02,0.1,5056
jeddah,جدة (Jeddah I.E.),Sweet peppers {bell},فلفل رومي,33,Arid Region / October,recommended,Oct 09,Mar 12,155,24/75/53/3,0,0,0.0,717,645,6450,6729,7167,5.97,Sep 21-Dec 31,Jan 01-Dec 31,Oct 09,paper_index_hu_temp,Sep 30,0.4,6982
jeddah,جدة (Jeddah I.E.),Mulukhiyah,ملوخية,62,Undefined / Undefined,recommended,May 14,Sep 30,140,20/30/60/30,139,0,245.0,978,879,8794,9360,9771,7.87,Sep 21-Dec 31,Jan 01-Dec 31,Aug 09,paper_index_hu_temp,Sep 30,0.4,7173
jeddah,جدة (Jeddah I.E.),Radish,فجل,28,Arid Region / Winter,recommended,Dec 14,Jan 22,40,10/10/15/5,4,0,0.3,169,144,1438,1493,1598,4.1,Dec 04-Feb 02,Jan 01-Dec 31,,lowest_risk,Dec 14,0.3,1598
jeddah,جدة (Jeddah I.E.),Broccoli,بروكلي,1,"Calif. Desert, USA / Sept",recommended,Dec 18,Feb 07,52,13/15/19/5,0,0,0.0,224,213,2134,2221,2371,5.13,Dec 04-Jan 21,Jan 01-Dec 31,Nov 14,paper_index_hu_temp,Dec 14,0.3,2358
jeddah,جدة (Jeddah I.E.),Garlic,ثوم,11,Undefined / Undefined,recommended,Dec 14,Feb 23,72,18/24/16/14,4,0,0.3,319,279,2785,2900,3095,4.94,Dec 04-Jan 01,Jan 01-Dec 31,,lowest_risk,Dec 14,0.3,3095
jeddah,جدة (Jeddah I.E.),Cauliflower,قرنبيط,7,"Calif. Desert, USA / Sept",recommended,Feb 05,Apr 20,75,35/29/8/3,51,0,79.3,404,337,3373,3458,3747,6.66,Dec 04-Dec 31,Jan 01-Dec 31,Oct 19,paper_index_hu_temp,Dec 14,0.3,3354
jeddah,جدة (Jeddah I.E.),Cabbage,ملفوف,3,"Calif. Desert, USA / Sept",recommended,Dec 18,Mar 14,87,40/32/11/4,0,0,0.0,403,338,3380,3468,3755,5.73,Dec 04-Dec 31,Jan 01-Dec 31,Nov 14,paper_index_hu_temp,Dec 14,0.3,3701
jeddah,جدة (Jeddah I.E.),Spinach,سبانخ,26,Arid Region / November,possible_with_risk,Jan 01,Jan 30,30,10/10/8/2,30,0,117.6,127,112,1120,1155,1244,4.58,,Jan 01-Dec 31,,lowest_risk,Jan 01,117.6,1244
jeddah,جدة (Jeddah I.E.),Lettuce,خس,17,Arid Region / Oct/Nov,possible_with_risk,Dec 30,Feb 24,57,18/21/17/1,57,0,116.4,257,228,2281,2353,2535,5.32,,Jan 01-Dec 31,,lowest_risk,Dec 30,116.4,2535
jeddah,جدة (Jeddah I.E.),Potato,بطاطس,70,(Semi)Arid Climate / Jan/Nov,possible_with_risk,Dec 16,Mar 12,87,15/23/23/26,87,0,195.4,400,325,3252,3388,3613,5.3,,Jan 01-Dec 31,,lowest_risk,Dec 16,195.4,3613
jeddah,جدة (Jeddah I.E.),Carrots,جزر,4,Arid climate / Oct/Jan,possible_with_risk,Dec 16,Mar 12,87,18/25/28/16,87,0,108.4,400,356,3557,3695,3953,5.07,,Jan 01-Dec 31,,lowest_risk,Dec 16,108.4,3953
jeddah,جدة (Jeddah I.E.),Okra,بامية,29,Undefined / Undefined,possible_with_risk,May 14,Sep 01,111,21/30/40/20,110,0,215.6,802,634,6345,6723,7050,7.11,,Jan 24-Sep 20,Jul 06,paper_index_hu_temp,Sep 20,5.7,5414
dammam,Al-Milaha (Qatif),Sweet corn,ذرة حلوة,64,Undefined / Undefined,recommended,Jul 21,Sep 15,57,13/19/17/8,0,0,0.0,344,272,2720,2898,3022,6.93,Feb 01-Sep 27,Feb 01-Sep 27,Jul 21,paper_index_hu_temp,Sep 13,0.0,2544
dammam,Al-Milaha (Qatif),Squash,كوسة,47,Medit.; Arid Reg. / Apr; Dec.,recommended,Aug 29,Oct 11,44,6/13/15/10,0,0,0.0,216,176,1759,1847,1955,5.07,Mar 11-Oct 03,Jan 01-Dec 31,Aug 29,paper_index_hu_temp,Sep 27,0.0,1835
dammam,Al-Milaha (Qatif),Sweet Melons,شمام,52,Arid Region / Dec/Jan,recommended,Aug 09,Oct 12,65,7/23/19/16,0,0,0.0,342,280,2800,2916,3111,5.43,Mar 11-Sep 08,Jan 01-Dec 31,Aug 09,paper_index_hu_temp,Sep 03,0.0,2936
dammam,Al-Milaha (Qatif),Onions {dry},بصل,20,Arid Region; Calif. / Oct; Jan.,recommended,Jan 19,May 28,130,38/31/42/19,3,0,0.4,480,439,4392,4592,4880,5.7,Aug 30-Feb 05,Jan 01-Dec 31,Aug 25,paper_index_hu_temp,Sep 16,0.0,3828
dammam,Al-Milaha (Qatif),Radish,فجل,28,Arid Region / Winter,recommended,Oct 20,Nov 28,40,10/10/15/5,0,0,0.0,116,97,974,1008,1082,2.74,Oct 12-Mar 15,Jan 01-Dec 31,Oct 15,paper_index_hu_temp,Nov 27,0.0,808
dammam,Al-Milaha (Qatif),Watermelon,بطيخ,54,Near East (desert) / Mat/Aug,recommended,Jun 28,Sep 15,80,10/20/20/30,0,0,0.0,499,409,4088,4289,4542,6.93,Mar 27-Aug 12,Mar 27-Aug 12,Jun 28,paper_index_hu_temp,Aug 11,0.0,3909
dammam,Al-Milaha (Qatif),Broccoli,بروكلي,1,"Calif. Desert, USA / Sept",recommended,Feb 21,Apr 22,61,18/19/19/5,7,0,3.8,213,204,2037,2121,2264,5.21,Oct 12-Feb 23,Jan 01-Dec 31,Sep 06,paper_index_hu_temp,Oct 30,0.0,1636
dammam,Al-Milaha (Qatif),Garlic,ثوم,11,Undefined / Undefined,recommended,Dec 13,Apr 03,112,29/40/25/18,0,0,0.0,316,282,2817,2943,3130,4.11,Oct 12-Jan 23,Jan 01-Dec 31,Aug 17,paper_index_hu_temp,Oct 18,0.3,2131
dammam,Al-Milaha (Qatif),Cauliflower,قرنبيط,7,"Calif. Desert, USA / Sept",recommended,Mar 10,May 25,77,40/27/8/2,40,0,105.6,347,289,2888,2960,3209,6.23,Oct 12-Jan 08,Jan 01-Dec 31,Sep 04,paper_index_hu_temp,Oct 18,0.3,2353
dammam,Al-Milaha (Qatif),"Beans, green",فاصوليا خضراء,86,"Calif., Egypt, Lebanon / Aug/Sep",recommended,Apr 04,May 22,49,10/16/17/6,0,0,0.0,243,212,2117,2220,2352,5.98,Mar 11-Apr 23; Aug 30-Oct 07,Jan 04-Oct 31,Aug 11,paper_index_hu_temp,Sep 29,0.0,1784
dammam,Al-Milaha (Qatif),Cabbage,ملفوف,3,"Calif. Desert, USA / Sept",recommended,Feb 21,May 21,90,50/28/9/3,36,0,86.5,368,307,3067,3144,3407,6.05,Oct 12-Dec 31,Jan 01-Dec 31,Sep 06,paper_index_hu_temp,Oct 18,0.3,2682
dammam,Al-Milaha (Qatif),Spinach,سبانخ,26,Arid Region / November,recommended,Feb 27,Apr 03,36,13/12/9/2,26,0,43.2,116,103,1025,1058,1139,4.02,Nov 18-Feb 04,Jan 01-Dec 31,Oct 15,paper_index_hu_temp,Nov 24,0.3,850
dammam,Al-Milaha (Qatif),Lettuce,خس,17,Arid Region / Oct/Nov,recommended,Feb 03,Apr 15,72,28/26/17/1,22,0,34.1,221,196,1959,2021,2177,4.65,Nov 03-Jan 11,Jan 01-Dec 31,Sep 28,paper_index_hu_temp,Nov 09,0.2,1725
dammam,Al-Milaha (Qatif),Carrots,جزر,4,Arid climate / Oct/Jan,recommended,Feb 04,May 13,99,29/31/26/13,43,0,125.0,360,320,3195,3318,3550,5.07,Oct 26-Dec 31,Jan 01-Dec 31,Sep 08,paper_index_hu_temp,Nov 01,0.4,3290
dammam,Al-Milaha (Qatif),Potato,بطاطس,70,(Semi)Arid Climate / Jan/Nov,recommended,Feb 11,May 16,95,22/27/23/23,53,0,192.2,362,296,2964,3090,3294,5.25,Nov 03-Dec 31,Jan 01-Dec 31,Sep 21,paper_index_hu_temp,Nov 09,0.2,2712
dammam,Al-Milaha (Qatif),Lentil,عدس,106,Arid Region / Oct/Nov,recommended,Apr 04,Jun 14,72,6/13/32/21,20,0,17.7,387,321,3209,3365,3566,6.26,Mar 13-Mar 20; Aug 30-Sep 16,Jan 01-Dec 31,Aug 11,paper_index_hu_temp,Sep 11,0.0,2713
dammam,Al-Milaha (Qatif),EggPlant,باذنجان,30,Arid Region / October,recommended,Sep 09,Nov 29,82,13/26/31/12,0,0,0.0,303,262,2619,2740,2910,3.93,Mar 15-Mar 15; Mar 17-Mar 17; Aug 30-Sep 12,Jan 01-Dec 31,Aug 25,paper_index_hu_temp,Sep 09,0.0,2910
dammam,Al-Milaha (Qatif),Cucumber {Fresh Market},خيار,42,Arid Region / Nov; Feb,recommended,Aug 16,Oct 16,62,11/15/24/12,24,0,25.8,313,264,2644,2757,2938,5.31,Aug 30-Sep 12,Jan 01-Dec 31,Aug 16,paper_index_hu,Sep 09,0.3,2749
dammam,Al-Milaha (Qatif),Cucumber {Fresh Market},خيار,41,Arid Region / June/Aug,recommended,Aug 16,Oct 16,62,11/15/24/12,24,0,25.8,313,264,2644,2757,2938,5.31,Aug 30-Sep 12,Dec 31-Oct 11,Aug 16,paper_index_hu,Sep 09,0.3,2749
dammam,Al-Milaha (Qatif),Tomato,طماطم,34,Arid Region / January,possible_with_risk,Mar 20,Jul 04,107,22/34/42/9,40,0,62.3,574,548,5478,5733,6087,7.33,,Nov 16-Oct 17,Aug 15,paper_index_hu_temp,Aug 22,21.5,4450
dammam,Al-Milaha (Qatif),Tomato,طماطم,37,Arid Region / Oct/Nov,possible_with_risk,Mar 20,Jul 04,107,22/34/42/9,40,0,62.3,574,548,5478,5733,6087,7.33,,Jan 01-Dec 31,Aug 15,paper_index_hu_temp,Aug 22,21.5,4450
dammam,Al-Milaha (Qatif),Okra,بامية,29,Undefined / Undefined,possible_with_risk,May 25,Sep 11,110,20/30/40/20,106,0,197.8,696,553,5526,5856,6140,6.39,,Mar 05-Jul 29,Jun 30,paper_index_hu_temp,Jul 29,73.8,4940
dammam,Al-Milaha (Qatif),Sweet peppers {bell},فلفل رومي,33,Arid Region / October,possible_with_risk,Sep 09,Apr 21,225,22/103/96/4,0,103,275.9,739,676,6761,7064,7512,5.81,,Jan 01-Dec 31,Aug 28,paper_index_hu_temp,Jul 27,78.2,5642
dammam,Al-Milaha (Qatif),Mulukhiyah,ملوخية,62,Undefined / Undefined,possible_with_risk,May 01,Sep 17,140,20/30/60/30,106,0,197.8,860,785,7850,8365,8723,7.07,,Jan 28-Jul 21,Aug 14,paper_index_hu_temp,Jul 08,136.5,6977
najran,تصلال (Najran),Sweet corn,ذرة حلوة,64,Undefined / Undefined,recommended,May 22,Jul 20,60,15/19/19/7,0,0,0.0,490,396,3958,4221,4398,9.51,Jan 29-Sep 04,Jan 27-Sep 08,May 22,paper_index_hu_temp,Jun 23,0.0,4282
najran,تصلال (Najran),Onions {dry},بصل,20,Arid Region; Calif. / Oct; Jan.,recommended,Dec 31,May 13,134,36/32/45/21,8,0,3.3,578,520,5198,5420,5776,5.6,Sep 09-Dec 31,Jan 01-Dec 31,Dec 31,paper_index_hu_temp,Dec 22,0.4,5811
najran,تصلال (Najran),Watermelon,بطيخ,54,Near East (desert) / Mat/Aug,recommended,May 22,Aug 10,81,11/20/20/30,0,0,0.0,658,540,5404,5673,6004,8.68,Mar 30-Jul 16,Mar 30-Jul 16,May 22,paper_index_hu_temp,Jun 14,0.0,5902
najran,تصلال (Najran),Squash,كوسة,47,Medit.; Arid Reg. / Apr; Dec.,recommended,Apr 09,May 31,53,9/18/16/10,0,0,0.0,396,321,3214,3373,3571,7.88,Mar 21-May 08; Aug 02-Aug 27,Jan 01-Dec 31,Jul 27,paper_index_hu_temp,Aug 13,0.1,3194
najran,تصلال (Najran),Garlic,ثوم,11,Undefined / Undefined,recommended,Nov 16,Feb 26,103,25/36/24/18,0,0,0.0,396,342,3418,3546,3798,3.78,Oct 22-Dec 29,Jan 01-Dec 31,Nov 16,paper_index_hu_temp,Dec 19,0.2,3515
najran,تصلال (Najran),Radish,فجل,28,Arid Region / Winter,recommended,Feb 22,Apr 02,40,10/10/15/5,8,0,3.7,232,199,1993,2071,2215,6.0,Jan 29-Feb 23; Oct 22-Nov 02,Jan 01-Dec 31,Sep 26,paper_index_hu_temp,Feb 10,0.0,2057
najran,تصلال (Najran),Lettuce,خس,17,Arid Region / Oct/Nov,recommended,Jan 30,Apr 09,70,26/26/17/1,45,0,100.8,388,340,3396,3498,3773,7.07,Nov 20-Dec 12,Jan 01-Dec 31,Sep 09,paper_index_hu_temp,Dec 04,0.4,2968
najran,تصلال (Najran),Sweet Melons,شمام,52,Arid Region / Dec/Jan,recommended,Apr 09,Jun 24,77,12/31/19/15,15,0,5.9,592,482,4824,5024,5360,8.17,Mar 22-Apr 07,Jan 01-Dec 31,Jul 02,paper_index_hu_temp,Mar 28,1.5,5471
najran,تصلال (Najran),Spinach,سبانخ,26,Arid Region / November,possible_with_risk,Sep 26,Oct 25,30,10/9/9/2,30,0,219.2,178,156,1560,1608,1734,6.1,,Jan 01-Dec 31,Sep 26,paper_index_hu,Dec 24,19.4,1534
najran,تصلال (Najran),"Beans, green",فاصوليا خضراء,86,"Calif., Egypt, Lebanon / Aug/Sep",possible_with_risk,Apr 19,Jun 03,46,8/15/17/6,27,0,36.7,351,306,3061,3211,3402,8.41,,Dec 08-Oct 28,Jul 01,paper_index_hu_temp,Mar 25,5.9,3588
najran,تصلال (Najran),Broccoli,بروكلي,1,"Calif. Desert, USA / Sept",possible_with_risk,Feb 22,Apr 21,59,17/17/20/5,27,0,42.6,362,343,3427,3564,3808,7.83,,Jan 01-Dec 31,Aug 12,paper_index_hu_temp,Jan 26,10.5,3776
najran,تصلال (Najran),Cucumber {Fresh Market},خيار,42,Arid Region / Nov; Feb,possible_with_risk,Jul 14,Sep 14,63,11/16/25/11,63,0,173.7,482,412,4119,4300,4576,7.83,,Jan 01-Dec 31,Jul 14,paper_index_hu,Mar 25,57.5,5161
najran,تصلال (Najran),Cucumber {Fresh Market},خيار,41,Arid Region / June/Aug,possible_with_risk,Jul 14,Sep 14,63,11/16/25/11,63,0,173.7,482,412,4119,4300,4576,7.83,,Nov 21-Oct 06,Jul 14,paper_index_hu,Mar 25,57.5,5161
najran,تصلال (Najran),Cauliflower,قرنبيط,7,"Calif. Desert, USA / Sept",possible_with_risk,Mar 13,May 27,76,38/27/9/2,63,0,229.2,533,440,4397,4502,4885,8.35,,Jan 01-Dec 31,Aug 08,paper_index_hu_temp,Dec 25,39.4,3681
najran,تصلال (Najran),EggPlant,باذنجان,30,Arid Region / October,possible_with_risk,Jul 28,Oct 07,72,13/25/25/9,52,0,118.0,516,451,4515,4731,5016,7.55,,Jan 01-Dec 31,Jul 28,paper_index_hu,Mar 18,53.6,5593
najran,تصلال (Najran),Lentil,عدس,106,Arid Region / Oct/Nov,possible_with_risk,Apr 19,Jun 28,71,6/11/32/22,52,0,119.3,557,462,4619,4842,5132,8.54,,Jan 01-Dec 31,Jul 01,paper_index_hu_temp,Mar 14,47.6,5229
najran,تصلال (Najran),Potato,بطاطس,70,(Semi)Arid Climate / Jan/Nov,possible_with_risk,Feb 08,May 12,94,21/27/23/23,78,0,321.7,586,475,4749,4946,5277,7.76,,Jan 01-Dec 31,Aug 31,paper_index_hu_temp,Nov 13,25.4,4056
najran,تصلال (Najran),Cabbage,ملفوف,3,"Calif. Desert, USA / Sept",possible_with_risk,Feb 22,May 21,89,47/29/10/3,57,0,188.9,588,485,4848,4963,5386,8.21,,Jan 01-Dec 31,Aug 12,paper_index_hu_temp,Nov 26,42.5,4183
najran,تصلال (Najran),Carrots,جزر,4,Arid climate / Oct/Jan,possible_with_risk,Feb 02,May 10,98,26/31/27/14,65,0,234.3,599,526,5264,5458,5849,7.27,,Jan 01-Dec 31,Aug 17,paper_index_hu_temp,Nov 10,9.3,4775
najran,تصلال (Najran),Okra,بامية,29,Undefined / Undefined,possible_with_risk,May 07,Aug 26,112,22/30/40/20,111,0,329.6,896,709,7088,7511,7876,7.86,,Mar 05-Jul 05,Jun 06,paper_index_hu_temp,Mar 13,217.9,8332
najran,تصلال (Najran),Tomato,طماطم,34,Arid Region / January,possible_with_risk,Mar 30,Jul 11,104,20/33/42/9,65,0,171.5,798,748,7482,7819,8313,9.1,,Jan 01-Dec 31,Jul 12,paper_index_hu_temp,Mar 02,120.6,8347
najran,تصلال (Najran),Tomato,طماطم,37,Arid Region / Oct/Nov,possible_with_risk,Mar 30,Jul 11,104,20/33/42/9,65,0,171.5,798,748,7482,7819,8313,9.1,,Jan 01-Dec 31,Jul 12,paper_index_hu_temp,Mar 02,120.6,8347
najran,تصلال (Najran),Sweet peppers {bell},فلفل رومي,33,Arid Region / October,possible_with_risk,Jul 30,Feb 11,197,22/77/92/6,50,121,644.9,1049,938,9383,9783,10425,5.58,,Jan 01-Dec 31,Jul 30,paper_index_hu,Mar 17,250.1,9875
najran,تصلال (Najran),Mulukhiyah,ملوخية,62,Undefined / Undefined,possible_with_risk,May 07,Sep 24,141,20/30/60/31,133,0,353.8,1098,992,9916,10558,11018,8.68,,Jan 21-Jul 05,Jun 16,paper_index_hu_temp,Mar 15,300.0,11326
jazan,جيزان (Gizan),Squash,كوسة,47,Medit.; Arid Reg. / Apr; Dec.,recommended,Oct 19,Dec 05,48,7/14/16/11,0,0,0.0,239,194,1945,2042,2161,5.06,Jan 01-Dec 31,Jan 01-Dec 31,Oct 19,paper_index_hu_temp,Dec 31,0.0,1760
jazan,جيزان (Gizan),Sweet corn,ذرة حلوة,64,Undefined / Undefined,recommended,Aug 19,Oct 14,57,13/19/18/7,0,0,0.0,362,288,2882,3072,3203,7.25,Jan 01-Dec 31,Jan 01-Dec 31,Aug 19,paper_index_hu_temp,Dec 31,0.0,2350
jazan,جيزان (Gizan),Sweet Melons,شمام,52,Arid Region / Dec/Jan,recommended,Sep 22,Dec 01,71,8/26/20/17,0,0,0.0,381,312,3116,3246,3462,5.42,Jan 01-Dec 31,Jan 01-Dec 31,Sep 22,paper_index_hu_temp,Dec 31,0.0,2694
jazan,جيزان (Gizan),Watermelon,بطيخ,54,Near East (desert) / Mat/Aug,recommended,Jul 09,Sep 26,80,10/20/20/30,0,0,0.0,547,449,4487,4709,4986,7.41,Jan 11-Oct 21,Jan 11-Oct 21,Jul 09,paper_index_hu_temp,Oct 21,0.0,3868
jazan,جيزان (Gizan),"Beans, green",فاصوليا خضراء,86,"Calif., Egypt, Lebanon / Aug/Sep",recommended,Feb 19,Apr 04,45,8/14/17/6,0,0,0.0,245,215,2148,2254,2387,6.15,Oct 04-Apr 02,Jan 01-Dec 31,Sep 18,paper_index_hu_temp,Dec 31,0.0,1747
jazan,جيزان (Gizan),Cucumber {Fresh Market},خيار,42,Arid Region / Nov; Feb,recommended,Dec 31,Mar 15,75,14/21/29/11,0,0,0.0,268,227,2273,2370,2525,3.52,Oct 04-Mar 10,Jan 01-Dec 31,Dec 31,paper_index_hu_temp,Dec 31,0.0,2525
jazan,جيزان (Gizan),Cucumber {Fresh Market},خيار,41,Arid Region / June/Aug,recommended,Dec 31,Mar 15,75,14/21/29/11,0,0,0.0,268,227,2273,2370,2525,3.52,Oct 04-Mar 10,Jan 01-Dec 31,Dec 31,paper_index_hu_temp,Dec 31,0.0,2525
jazan,جيزان (Gizan),EggPlant,باذنجان,30,Arid Region / October,recommended,Dec 31,Mar 18,78,16/30/25/7,0,0,0.0,279,241,2409,2521,2677,3.7,Oct 04-Mar 06,Jan 01-Dec 31,,lowest_risk,Dec 31,0.0,2677
jazan,جيزان (Gizan),Lentil,عدس,106,Arid Region / Oct/Nov,recommended,Feb 19,Apr 30,71,5/12/31/23,2,0,0.1,409,338,3375,3538,3750,6.38,Oct 04-Mar 04,Jan 01-Dec 31,Sep 18,paper_index_hu_temp,Dec 31,0.0,2530
jazan,جيزان (Gizan),Onions {dry},بصل,20,Arid Region; Calif. / Oct; Jan.,recommended,Dec 31,Apr 10,101,21/22/38/20,0,0,0.0,365,328,3283,3423,3647,3.79,Oct 04-Feb 07,Jan 01-Dec 31,,lowest_risk,Dec 31,0.0,3647
jazan,جيزان (Gizan),Tomato,طماطم,34,Arid Region / January,recommended,Oct 16,Jan 25,102,16/31/45/10,0,0,0.0,456,419,4188,4370,4653,4.95,Oct 04-Feb 01,Jan 01-Dec 31,Oct 08,paper_index_hu_temp,Dec 28,0.0,3841
jazan,جيزان (Gizan),Tomato,طماطم,37,Arid Region / Oct/Nov,recommended,Oct 16,Jan 25,102,16/31/45/10,0,0,0.0,456,419,4188,4370,4653,4.95,Oct 04-Feb 01,Jan 01-Dec 31,Oct 08,paper_index_hu_temp,Dec 28,0.0,3841
jazan,جيزان (Gizan),Okra,بامية,29,Undefined / Undefined,recommended,Apr 28,Aug 15,110,20/30/40/20,109,0,240.2,777,621,6209,6586,6899,6.9,Oct 04-Jan 10,Jan 01-Dec 31,Jun 15,paper_index_hu_temp,Dec 26,0.0,4012
jazan,جيزان (Gizan),Sweet peppers {bell},فلفل رومي,33,Arid Region / October,recommended,Dec 31,May 13,134,28/67/37/2,0,0,0.0,503,442,4424,4607,4916,4.92,Oct 04-Dec 31,Jan 01-Dec 31,,lowest_risk,Dec 31,0.0,4916
jazan,جيزان (Gizan),Mulukhiyah,ملوخية,62,Undefined / Undefined,recommended,Apr 03,Aug 20,140,20/30/60/30,114,0,253.9,968,885,8846,9428,9828,7.62,Oct 04-Dec 31,Jan 01-Dec 31,Sep 04,paper_index_hu_temp,Dec 05,0.0,5256
jazan,جيزان (Gizan),Spinach,سبانخ,26,Arid Region / November,possible_with_risk,Jan 01,Jan 29,29,10/9/7/3,29,0,163.8,119,105,1052,1085,1169,4.54,,Jan 01-Dec 31,,lowest_risk,Jan 01,163.8,1169
jazan,جيزان (Gizan),Radish,فجل,28,Arid Region / Winter,possible_with_risk,Jan 01,Feb 09,40,10/10/15/5,40,0,28.3,169,145,1447,1502,1607,4.3,,Jan 01-Dec 31,,lowest_risk,Jan 01,28.3,1607
jazan,جيزان (Gizan),Lettuce,خس,17,Arid Region / Oct/Nov,possible_with_risk,Dec 31,Feb 19,51,17/18/15/1,51,0,190.3,184,160,1605,1652,1783,3.69,,Jan 01-Dec 31,,lowest_risk,Dec 31,190.3,1783
jazan,جيزان (Gizan),Broccoli,بروكلي,1,"Calif. Desert, USA / Sept",possible_with_risk,Dec 31,Feb 15,47,12/13/17/5,47,0,34.1,171,161,1605,1669,1784,3.95,,Jan 01-Dec 31,,lowest_risk,Dec 31,34.1,1784
jazan,جيزان (Gizan),Garlic,ثوم,11,Undefined / Undefined,possible_with_risk,Dec 31,Mar 04,64,17/21/14/12,64,0,49.9,230,198,1981,2056,2201,3.67,,Jan 01-Dec 31,,lowest_risk,Dec 31,49.9,2201
jazan,جيزان (Gizan),Cauliflower,قرنبيط,7,"Calif. Desert, USA / Sept",possible_with_risk,Dec 29,Mar 09,71,32/28/9/2,71,0,58.3,255,209,2093,2142,2326,3.68,,Jan 01-Dec 31,,lowest_risk,Dec 29,58.3,2326
jazan,جيزان (Gizan),Potato,بطاطس,70,(Semi)Arid Climate / Jan/Nov,possible_with_risk,Dec 28,Mar 15,78,14/21/21/22,78,0,302.2,280,226,2256,2348,2507,3.89,,Jan 01-Dec 31,,lowest_risk,Dec 28,302.2,2507
jazan,جيزان (Gizan),Cabbage,ملفوف,3,"Calif. Desert, USA / Sept",possible_with_risk,Dec 27,Mar 13,77,36/28/10/3,77,0,66.3,277,227,2272,2324,2524,3.7,,Jan 01-Dec 31,,lowest_risk,Dec 27,66.3,2524
jazan,جيزان (Gizan),Carrots,جزر,4,Arid climate / Oct/Jan,possible_with_risk,Dec 29,Mar 14,76,16/23/24/13,76,0,217.5,273,239,2387,2473,2652,3.5,,Jan 01-Dec 31,,lowest_risk,Dec 29,217.5,2652
abha,Al-Mahsh (Abha),Onions {dry},بصل,20,Arid Region; Calif. / Oct; Jan.,recommended,May 01,Sep 05,128,28/26/47/27,0,0,0.0,770,699,6995,7300,7772,6.7,Jan 01-Dec 31,Jan 01-Dec 31,May 01,paper_index_hu_temp,Aug 03,0.0,7535
abha,Al-Mahsh (Abha),Lettuce,خس,17,Arid Region / Oct/Nov,recommended,Apr 16,Jun 20,66,24/24/17/1,41,0,66.6,370,323,3234,3331,3594,6.58,Sep 15-Mar 03,Jan 01-Dec 31,Jul 01,paper_index_hu_temp,Sep 29,0.0,3407
abha,Al-Mahsh (Abha),Spinach,سبانخ,26,Arid Region / November,recommended,Apr 20,May 25,36,13/12/9/2,35,0,59.2,193,169,1691,1742,1878,6.07,Oct 06-Mar 20,Jan 01-Dec 31,Jul 23,paper_index_hu_temp,Nov 02,0.0,1768
abha,Al-Mahsh (Abha),Radish,فجل,28,Arid Region / Winter,recommended,May 04,Jun 12,40,10/10/15/5,0,0,0.0,231,197,1974,2050,2193,5.78,Mar 01-May 29; Jul 29-Sep 28,Feb 01-Oct 31,Jul 23,paper_index_hu_temp,Mar 09,0.4,1715
abha,Al-Mahsh (Abha),Garlic,ثوم,11,Undefined / Undefined,recommended,Mar 31,Jun 25,87,26/29/17/15,4,0,0.4,473,411,4113,4276,4570,6.44,Jan 23-Apr 17; Jul 29-Aug 29,Dec 14-Sep 27,Mar 31,paper_index_hu_temp,Aug 22,0.0,4384
abha,Al-Mahsh (Abha),Potato,بطاطس,70,(Semi)Arid Climate / Jan/Nov,recommended,May 10,Aug 10,93,18/24/24/27,92,0,241.6,570,463,4634,4826,5149,7.02,Sep 15-Jan 08,Jan 01-Dec 31,May 26,paper_index_hu_temp,Sep 29,0.0,4523
abha,Al-Mahsh (Abha),Broccoli,بروكلي,1,"Calif. Desert, USA / Sept",recommended,May 21,Jul 15,56,14/17/19/6,24,0,9.5,346,328,3279,3411,3643,7.02,Mar 01-May 12; Jul 29-Aug 30,Jan 01-Dec 31,May 21,paper_index_hu_temp,Aug 18,0.0,3498
abha,Al-Mahsh (Abha),Sweet corn,ذرة حلوة,64,Undefined / Undefined,recommended,May 27,Aug 29,95,23/30/30/12,0,0,0.0,587,474,4744,5059,5271,7.32,Apr 13-Jun 30,Apr 13-Jun 30,,lowest_risk,May 27,0.0,5271
abha,Al-Mahsh (Abha),"Beans, green",فاصوليا خضراء,86,"Calif., Egypt, Lebanon / Aug/Sep",recommended,Jun 15,Aug 14,61,10/19/23/9,0,0,0.0,384,334,3339,3502,3710,6.7,May 05-Jul 03,Feb 24-Aug 23,,lowest_risk,Jun 15,0.0,3710
abha,Al-Mahsh (Abha),Squash,كوسة,47,Medit.; Arid Reg. / Apr; Dec.,recommended,Jun 10,Aug 15,67,10/21/22/14,0,0,0.0,421,344,3442,3614,3824,6.38,May 05-Jun 27,Jan 10-Aug 30,,lowest_risk,Jun 10,0.0,3824
abha,Al-Mahsh (Abha),Cauliflower,قرنبيط,7,"Calif. Desert, USA / Sept",recommended,Jun 01,Aug 24,85,38/32/11/4,53,0,22.3,528,437,4368,4474,4853,6.45,Mar 01-Apr 05,Jan 01-Dec 31,Jun 01,paper_index_hu_temp,Mar 18,0.4,4824
abha,Al-Mahsh (Abha),Lentil,عدس,106,Arid Region / Oct/Nov,recommended,May 20,Aug 17,90,7/14/39/30,0,0,0.0,557,462,4619,4842,5132,6.7,May 05-Jun 06,Jan 01-Dec 31,,lowest_risk,May 20,0.0,5132
abha,Al-Mahsh (Abha),Cabbage,ملفوف,3,"Calif. Desert, USA / Sept",recommended,May 21,Aug 21,93,44/33/11/5,53,0,22.3,575,473,4731,4842,5257,6.51,Mar 01-Mar 25,Jan 01-Dec 31,May 21,paper_index_hu_temp,Mar 12,1.4,5260
abha,Al-Mahsh (Abha),EggPlant,باذنجان,30,Arid Region / October,recommended,May 17,Aug 26,102,22/37/32/11,0,4,0.4,627,546,5461,5721,6068,6.7,May 05-May 26,Jan 08-Jul 29,,lowest_risk,May 17,0.4,6068
abha,Al-Mahsh (Abha),Tomato,طماطم,34,Arid Region / January,recommended,May 01,Sep 11,134,24/42/54/14,0,6,0.9,803,751,7509,7846,8343,7.02,Apr 21-May 07,Jan 23-Jul 08,,lowest_risk,May 01,0.9,8343
abha,Al-Mahsh (Abha),Tomato,طماطم,37,Arid Region / Oct/Nov,recommended,May 01,Sep 11,134,24/42/54/14,0,6,0.9,803,751,7509,7846,8343,7.02,Apr 21-May 07,Jan 01-Dec 31,,lowest_risk,May 01,0.9,8343
abha,Al-Mahsh (Abha),Sweet Melons,شمام,52,Arid Region / Dec/Jan,recommended,May 09,Aug 25,109,15/42/28/24,0,11,2.3,665,546,5463,5692,6070,6.38,May 05-May 18,Nov 19-Aug 05,,lowest_risk,May 09,2.3,6070
abha,Al-Mahsh (Abha),Carrots,جزر,4,Arid climate / Oct/Jan,possible_with_risk,May 17,Aug 17,93,21/27/28/17,87,0,169.5,574,505,5046,5232,5607,6.38,,Jan 12-Aug 20,May 17,paper_index_hu_temp,Jan 12,6.1,5836
abha,Al-Mahsh (Abha),Cucumber {Fresh Market},خيار,42,Arid Region / Nov; Feb,possible_with_risk,May 20,Aug 23,96,19/26/36/15,0,37,16.3,593,505,5047,5267,5608,6.38,,Jan 03-Aug 04; Dec 30-Dec 31,,lowest_risk,May 20,16.3,5608
abha,Al-Mahsh (Abha),Cucumber {Fresh Market},خيار,41,Arid Region / June/Aug,possible_with_risk,May 20,Aug 23,96,19/26/36/15,0,37,16.3,593,505,5047,5267,5608,6.38,,Feb 16-Jul 23,,lowest_risk,May 20,16.3,5608
abha,Al-Mahsh (Abha),Sweet peppers {bell},فلفل رومي,33,Arid Region / October,possible_with_risk,Mar 17,Oct 24,222,54/92/70/6,0,124,281.4,1209,1066,10665,11108,11850,6.75,,Dec 13-May 09,,lowest_risk,Mar 17,281.4,11850
abha,Al-Mahsh (Abha),Watermelon,بطيخ,54,Near East (desert) / Mat/Aug,not_suitable,,,,,,,,,,,,,,,,,,,,
abha,Al-Mahsh (Abha),Okra,بامية,29,Undefined / Undefined,not_suitable,,,,,,,,,,,,,,,,,,,,
abha,Al-Mahsh (Abha),Mulukhiyah,ملوخية,62,Undefined / Undefined,not_suitable,,,,,,,,,,,,,,,,,,,,
tabuk,مورد الزور (Tabuk),Sweet corn,ذرة حلوة,64,Undefined / Undefined,recommended,Jun 04,Aug 03,61,15/20/19/7,0,0,0.0,523,419,4191,4467,4657,9.98,Mar 19-Aug 17,Feb 28-Aug 22,Jun 04,paper_index_hu_temp,Jul 16,0.0,4442
tabuk,مورد الزور (Tabuk),Onions {dry},بصل,20,Arid Region; Calif. / Oct; Jan.,recommended,Feb 19,Jun 27,129,42/28/40/19,35,0,64.4,871,783,7829,8158,8699,8.92,Sep 01-Dec 31,Jan 01-Dec 31,Jul 16,paper_index_hu_temp,Sep 07,0.4,6816
tabuk,مورد الزور (Tabuk),Watermelon,بطيخ,54,Near East (desert) / Mat/Aug,recommended,Jun 20,Sep 10,83,11/20/20/32,0,0,0.0,675,551,5511,5782,6123,8.98,Apr 20-Jul 11,Apr 20-Jul 11,,lowest_risk,Jun 20,0.0,6123
tabuk,مورد الزور (Tabuk),Squash,كوسة,47,Medit.; Arid Reg. / Apr; Dec.,recommended,Apr 29,Jun 20,53,9/18/16/10,0,0,0.0,429,349,3485,3658,3872,8.53,Apr 18-May 22; Jul 26-Aug 21,Jan 04-Sep 15,Jul 22,paper_index_hu_temp,Aug 09,0.0,3221
tabuk,مورد الزور (Tabuk),Spinach,سبانخ,26,Arid Region / November,recommended,Mar 21,Apr 26,37,14/12/9/2,36,0,110.6,231,202,2023,2084,2248,7.38,Jan 18-Jan 30; Nov 04-Nov 11,Jan 01-Dec 31,Sep 13,paper_index_hu_temp,Nov 09,3.0,1576
tabuk,مورد الزور (Tabuk),Radish,فجل,28,Arid Region / Winter,possible_with_risk,Sep 13,Oct 22,40,10/10/15/5,30,0,70.9,229,193,1927,1995,2141,5.46,,Feb 07-Nov 03,Sep 13,paper_index_hu,Oct 07,8.3,1707
tabuk,مورد الزور (Tabuk),Broccoli,بروكلي,1,"Calif. Desert, USA / Sept",possible_with_risk,Aug 02,Sep 12,42,10/12/15/5,42,0,284.9,319,301,3009,3128,3343,8.38,,Jan 01-Dec 31,Aug 02,paper_index_hu,Sep 20,55.9,3137
tabuk,مورد الزور (Tabuk),"Beans, green",فاصوليا خضراء,86,"Calif., Egypt, Lebanon / Aug/Sep",possible_with_risk,May 12,Jun 25,45,8/15/16/6,33,0,58.1,375,325,3249,3406,3610,9.08,,Feb 08-Sep 19,Jun 24,paper_index_hu_temp,Aug 25,18.2,3206
tabuk,مورد الزور (Tabuk),Lettuce,خس,17,Arid Region / Oct/Nov,possible_with_risk,Mar 02,May 12,72,30/25/16/1,40,0,135.2,442,384,3839,3951,4266,8.15,,Jan 01-Dec 31,Aug 25,paper_index_hu_temp,Dec 31,65.3,3302
tabuk,مورد الزور (Tabuk),Garlic,ثوم,11,Undefined / Undefined,possible_with_risk,Jun 23,Aug 17,56,15/18/12/11,56,0,466.2,473,408,4085,4242,4539,8.89,,Jan 01-Sep 30,Jun 23,paper_index_hu,Sep 11,101.4,3959
tabuk,مورد الزور (Tabuk),Cabbage,ملفوف,3,"Calif. Desert, USA / Sept",possible_with_risk,Aug 02,Oct 17,77,32/29/12/4,72,0,355.8,524,429,4288,4386,4764,6.09,,Jan 01-Dec 31,Aug 02,paper_index_hu,Aug 24,214.4,4608
tabuk,مورد الزور (Tabuk),Cucumber {Fresh Market},خيار,42,Arid Region / Nov; Feb,possible_with_risk,Jul 07,Sep 07,63,11/17/24/11,63,0,169.1,507,431,4308,4496,4786,8.26,,Jan 01-Aug 26,Jul 07,paper_index_hu,Aug 02,85.5,4771
tabuk,مورد الزور (Tabuk),Cucumber {Fresh Market},خيار,41,Arid Region / June/Aug,possible_with_risk,Jul 07,Sep 07,63,11/17/24/11,63,0,169.1,507,431,4308,4496,4786,8.26,,Jan 23-Aug 26,Jul 07,paper_index_hu,Aug 02,85.5,4771
tabuk,مورد الزور (Tabuk),EggPlant,باذنجان,30,Arid Region / October,possible_with_risk,Jul 20,Sep 27,70,13/24/25/8,52,0,121.8,524,456,4564,4780,5071,7.92,,Jan 01-Aug 23,Jul 20,paper_index_hu,Aug 03,83.9,5131
tabuk,مورد الزور (Tabuk),Cauliflower,قرنبيط,7,"Calif. Desert, USA / Sept",possible_with_risk,Apr 05,Jun 19,76,39/27/8/2,61,0,263.6,581,477,4767,4877,5296,9.06,,Jan 01-Dec 31,Aug 01,paper_index_hu_temp,Aug 31,177.9,4221
tabuk,مورد الزور (Tabuk),Lentil,عدس,106,Arid Region / Oct/Nov,possible_with_risk,May 12,Jul 20,70,6/11/31/22,58,0,146.0,592,490,4901,5137,5445,9.13,,Jan 01-Dec 31,Jun 24,paper_index_hu_temp,Aug 06,78.4,4779
tabuk,مورد الزور (Tabuk),Sweet Melons,شمام,52,Arid Region / Dec/Jan,possible_with_risk,May 01,Jul 15,76,12/30/19/15,22,0,9.6,632,514,5139,5351,5710,8.7,,Dec 10-Aug 22,Jun 25,paper_index_hu_temp,Jul 25,6.0,5133
tabuk,مورد الزور (Tabuk),Potato,بطاطس,70,(Semi)Arid Climate / Jan/Nov,possible_with_risk,Mar 08,Jun 10,95,23/27/22/23,69,0,378.6,653,527,5269,5486,5855,8.76,,Jan 01-Dec 31,Aug 18,paper_index_hu_temp,Dec 30,229.4,4447
tabuk,مورد الزور (Tabuk),Carrots,جزر,4,Arid climate / Oct/Jan,possible_with_risk,Mar 03,Jun 09,99,31/30/25/13,62,0,303.3,667,582,5818,6025,6464,8.23,,Jan 03-Sep 08,Aug 03,paper_index_hu_temp,Sep 02,244.4,5055
tabuk,مورد الزور (Tabuk),Okra,بامية,29,Undefined / Undefined,possible_with_risk,Jun 16,Oct 15,122,21/30/42/29,86,7,237.7,918,721,7214,7640,8015,7.8,,Mar 29-Jun 26,Jun 16,paper_index_hu,Jun 18,236.9,7995
tabuk,مورد الزور (Tabuk),Tomato,طماطم,34,Arid Region / January,possible_with_risk,Apr 21,Aug 02,104,20/33/42/9,71,0,191.9,855,799,7988,8346,8875,9.57,,Jan 01-Aug 10,Jul 05,paper_index_hu_temp,Jul 12,167.1,7729
tabuk,مورد الزور (Tabuk),Tomato,طماطم,37,Arid Region / Oct/Nov,possible_with_risk,Apr 21,Aug 02,104,20/33/42/9,71,0,191.9,855,799,7988,8346,8875,9.57,,Oct 29-Sep 07,Jul 05,paper_index_hu_temp,Jul 12,167.1,7729
tabuk,مورد الزور (Tabuk),Sweet peppers {bell},فلفل رومي,33,Arid Region / October,possible_with_risk,Jun 08,Oct 17,132,23/58/47/4,94,9,257.0,996,874,8744,9103,9715,8.21,,Nov 21-Jul 07,Jul 23,lowest_risk,Jun 08,257.0,9715
tabuk,مورد الزور (Tabuk),Mulukhiyah,ملوخية,62,Undefined / Undefined,possible_with_risk,May 23,Oct 14,145,20/30/60/35,109,6,267.0,1114,999,9987,10626,11097,9.09,,Feb 25-Jun 15,Jun 27,paper_index_hu_temp,May 20,264.4,11098
qassim,Al-Aryaf (Gassim),Watermelon,بطيخ,54,Near East (desert) / Mat/Aug,recommended,May 31,Aug 18,80,10/20/20/30,0,0,0.0,757,626,6260,6573,6955,10.22,Apr 02-Jul 30,Apr 02-Jul 30,May 31,paper_index_hu_temp,Jul 23,0.0,6253
qassim,Al-Aryaf (Gassim),Onions {dry},بصل,20,Arid Region; Calif. / Oct; Jan.,recommended,Jan 29,Jun 08,131,43/29/40/19,34,0,92.5,815,739,7394,7719,8216,9.17,Sep 24-Dec 25,Jan 01-Dec 31,Aug 07,paper_index_hu_temp,Sep 29,0.4,6584
qassim,Al-Aryaf (Gassim),Spinach,سبانخ,26,Arid Region / November,recommended,Mar 07,Apr 12,37,14/12/9/2,31,0,85.5,210,184,1844,1901,2049,6.96,Nov 17-Jan 29,Jan 01-Dec 31,Sep 30,paper_index_hu_temp,Nov 23,0.1,1417
qassim,Al-Aryaf (Gassim),Sweet corn,ذرة حلوة,64,Undefined / Undefined,recommended,Apr 16,Jun 20,66,19/21/19/7,13,0,8.7,564,453,4527,4826,5030,10.92,Feb 21-Apr 10; Aug 20-Sep 07,Feb 11-Sep 10,Jul 06,paper_index_hu_temp,Aug 28,0.1,4311
qassim,Al-Aryaf (Gassim),Lettuce,خس,17,Arid Region / Oct/Nov,recommended,Feb 13,Apr 26,73,30/25/17/1,33,0,105.8,398,351,3506,3614,3895,7.94,Nov 06-Dec 31,Jan 01-Dec 31,Sep 12,paper_index_hu_temp,Nov 12,0.1,2920
qassim,Al-Aryaf (Gassim),Potato,بطاطس,70,(Semi)Arid Climate / Jan/Nov,recommended,Feb 19,May 24,95,23/28/22/22,61,0,352.6,609,496,4957,5164,5508,8.67,Nov 06-Dec 05,Jan 01-Dec 31,Sep 05,paper_index_hu_temp,Nov 12,0.4,4124
qassim,Al-Aryaf (Gassim),Radish,فجل,28,Arid Region / Winter,recommended,Mar 07,Apr 16,41,11/10/15/5,8,0,5.5,237,204,2037,2117,2264,6.35,Feb 21-Mar 06; Oct 21-Oct 30,Jan 18-Nov 25,Sep 30,paper_index_hu_temp,Feb 27,0.5,2080
qassim,Al-Aryaf (Gassim),Squash,كوسة,47,Medit.; Arid Reg. / Apr; Dec.,recommended,Aug 16,Sep 28,44,6/13/15/10,28,0,51.0,345,282,2823,2965,3137,8.07,Mar 30-Apr 10; Sep 05-Sep 07,Dec 31-Oct 10,Aug 16,paper_index_hu,Apr 05,1.9,3799
qassim,Al-Aryaf (Gassim),Broccoli,بروكلي,1,"Calif. Desert, USA / Sept",possible_with_risk,Aug 22,Oct 02,42,10/12/15/5,42,0,336.6,319,299,2993,3111,3326,8.35,,Jan 01-Dec 31,Aug 22,paper_index_hu,Feb 14,31.0,3838
qassim,Al-Aryaf (Gassim),"Beans, green",فاصوليا خضراء,86,"Calif., Egypt, Lebanon / Aug/Sep",possible_with_risk,Apr 10,May 28,49,10/16/16/7,23,0,43.9,389,336,3358,3521,3731,9.21,,Jan 21-Oct 07,Jul 28,paper_index_hu_temp,Mar 27,25.5,3774
qassim,Al-Aryaf (Gassim),Garlic,ثوم,11,Undefined / Undefined,possible_with_risk,Dec 22,Apr 27,127,40/47/24/16,0,57,39.7,458,406,4062,4236,4514,5.82,,Dec 13-Nov 02,Jul 22,paper_index_hu_temp,Dec 31,37.3,4614
qassim,Al-Aryaf (Gassim),Cabbage,ملفوف,3,"Calif. Desert, USA / Sept",possible_with_risk,Aug 22,Nov 07,78,32/29/12/5,67,0,395.6,510,415,4155,4247,4616,6.04,,Jan 01-Dec 31,Aug 22,paper_index_hu,Dec 30,170.5,5395
qassim,Al-Aryaf (Gassim),Cucumber {Fresh Market},خيار,42,Arid Region / Nov; Feb,possible_with_risk,Aug 02,Oct 01,61,11/15/24/11,60,0,258.5,493,418,4178,4359,4643,8.41,,Dec 13-Sep 24,Aug 02,paper_index_hu,Mar 27,120.4,5508
qassim,Al-Aryaf (Gassim),Cucumber {Fresh Market},خيار,41,Arid Region / June/Aug,possible_with_risk,Aug 02,Oct 01,61,11/15/24/11,60,0,258.5,493,418,4178,4359,4643,8.41,,Jan 04-Sep 15,Aug 02,paper_index_hu,Mar 27,120.4,5508
qassim,Al-Aryaf (Gassim),EggPlant,باذنجان,30,Arid Region / October,possible_with_risk,Aug 11,Oct 17,68,12/23/24/9,51,0,195.8,506,439,4393,4600,4881,7.86,,Dec 18-Sep 19,Aug 11,paper_index_hu,Mar 23,119.4,5939
qassim,Al-Aryaf (Gassim),Sweet Melons,شمام,52,Arid Region / Dec/Jan,possible_with_risk,Jul 26,Sep 28,65,7/23/19/16,49,0,134.4,539,444,4444,4631,4938,8.55,,Jan 01-Dec 31,Jul 26,paper_index_hu,Mar 30,45.0,5853
qassim,Al-Aryaf (Gassim),Cauliflower,قرنبيط,7,"Calif. Desert, USA / Sept",possible_with_risk,Mar 16,May 31,77,41/26/8/2,53,0,252.6,562,464,4639,4750,5155,9.53,,Jan 01-Dec 31,Aug 21,paper_index_hu_temp,Jan 31,143.0,5150
qassim,Al-Aryaf (Gassim),Lentil,عدس,106,Arid Region / Oct/Nov,possible_with_risk,Apr 10,Jun 20,72,6/13/32/21,46,0,161.1,605,502,5020,5263,5578,9.57,,Jan 01-Dec 31,Jul 28,paper_index_hu_temp,Mar 16,108.6,5519
qassim,Al-Aryaf (Gassim),Carrots,جزر,4,Arid climate / Oct/Jan,possible_with_risk,Feb 13,May 23,100,31/31/25/13,55,0,283.9,621,547,5471,5673,6079,8.29,,Dec 30-Oct 03,Aug 23,paper_index_hu_temp,Dec 31,60.1,6025
qassim,Al-Aryaf (Gassim),Tomato,طماطم,34,Arid Region / January,possible_with_risk,Aug 01,Nov 19,111,16/31/49/15,61,18,289.0,748,683,6833,7127,7593,8.11,,Dec 27-Sep 03,Aug 01,paper_index_hu,Mar 04,266.9,9252
qassim,Al-Aryaf (Gassim),Tomato,طماطم,37,Arid Region / Oct/Nov,possible_with_risk,Aug 01,Nov 19,111,16/31/49/15,61,18,289.0,748,683,6833,7127,7593,8.11,,Jan 01-Dec 31,Aug 01,paper_index_hu,Mar 04,266.9,9252
qassim,Al-Aryaf (Gassim),Okra,بامية,29,Undefined / Undefined,possible_with_risk,May 05,Aug 24,112,22/30/40/20,111,0,611.3,1033,822,8222,8717,9136,9.25,,Mar 12-Jul 15,Jun 15,paper_index_hu_temp,Mar 15,428.2,9337
qassim,Al-Aryaf (Gassim),Sweet peppers {bell},فلفل رومي,33,Arid Region / October,possible_with_risk,Aug 14,Apr 19,249,21/79/145/4,48,170,1058.6,1133,1028,10278,10729,11420,6.37,,Jan 01-Dec 31,Aug 14,paper_index_hu,Mar 20,442.9,10479
qassim,Al-Aryaf (Gassim),Mulukhiyah,ملوخية,62,Undefined / Undefined,possible_with_risk,May 05,Sep 21,140,20/30/60/30,139,0,713.9,1252,1136,11356,12093,12617,10.22,,Feb 09-Jul 03,Jul 31,paper_index_hu_temp,Mar 19,591.0,12905
madinah,Mazari'A Wadi Al-Haqool (Madinah),Watermelon,بطيخ,54,Near East (desert) / Mat/Aug,recommended,Jul 13,Sep 30,80,10/20/20/30,0,0,0.0,580,473,4727,4958,5252,8.05,Mar 09-Aug 23,Mar 09-Aug 23,Jul 13,paper_index_hu_temp,Aug 15,0.0,4714
madinah,Mazari'A Wadi Al-Haqool (Madinah),Sweet corn,ذرة حلوة,64,Undefined / Undefined,recommended,Mar 21,May 26,67,19/22/19/7,0,0,0.0,452,364,3642,3884,4047,8.8,Jan 09-Apr 06; Aug 28-Oct 13,Jan 09-Oct 13,Aug 02,paper_index_hu_temp,Sep 16,0.0,3180
madinah,Mazari'A Wadi Al-Haqool (Madinah),Radish,فجل,28,Arid Region / Winter,recommended,Feb 06,Mar 17,40,10/10/15/5,1,0,0.0,178,153,1530,1590,1700,4.78,Nov 10-Feb 13,Jan 01-Dec 31,Oct 29,paper_index_hu_temp,Dec 29,0.0,1036
madinah,Mazari'A Wadi Al-Haqool (Madinah),Onions {dry},بصل,20,Arid Region; Calif. / Oct; Jan.,recommended,Oct 15,Mar 05,142,21/25/60/36,0,0,0.0,474,426,4258,4442,4731,3.64,Oct 07-Dec 31,Jan 01-Dec 31,Sep 09,paper_index_hu_temp,Oct 14,0.1,4713
madinah,Mazari'A Wadi Al-Haqool (Madinah),Broccoli,بروكلي,1,"Calif. Desert, USA / Sept",recommended,Feb 02,Apr 02,60,17/18/20/5,17,0,20.8,282,269,2694,2804,2993,6.54,Nov 10-Jan 20,Jan 01-Dec 31,Sep 18,paper_index_hu_temp,Nov 19,0.0,2106
madinah,Mazari'A Wadi Al-Haqool (Madinah),Squash,كوسة,47,Medit.; Arid Reg. / Apr; Dec.,recommended,Sep 23,Nov 12,51,6/15/17/13,0,0,0.0,259,212,2121,2227,2356,5.28,Feb 24-Apr 03; Sep 15-Oct 11,Jan 01-Dec 31,Sep 08,paper_index_hu_temp,Sep 28,0.0,2308
madinah,Mazari'A Wadi Al-Haqool (Madinah),Garlic,ثوم,11,Undefined / Undefined,recommended,Nov 27,Mar 05,99,22/33/24/20,0,0,0.0,287,250,2496,2596,2773,2.98,Nov 10-Dec 31,Jan 01-Dec 31,Sep 12,paper_index_hu_temp,Nov 16,0.2,2713
madinah,Mazari'A Wadi Al-Haqool (Madinah),Cauliflower,قرنبيط,7,"Calif. Desert, USA / Sept",recommended,Feb 20,May 07,77,39/27/8/3,52,0,198.9,446,371,3713,3806,4125,7.56,Nov 10-Dec 31,Jan 01-Dec 31,Sep 15,paper_index_hu_temp,Nov 15,0.5,2937
madinah,Mazari'A Wadi Al-Haqool (Madinah),Cabbage,ملفوف,3,"Calif. Desert, USA / Sept",recommended,Feb 02,May 02,90,48/29/9/4,47,0,162.7,479,399,3991,4091,4434,7.34,Nov 10-Dec 31,Jan 01-Dec 31,Sep 18,paper_index_hu_temp,Nov 16,0.2,3251
madinah,Mazari'A Wadi Al-Haqool (Madinah),Carrots,جزر,4,Arid climate / Oct/Jan,recommended,Jan 14,Apr 22,99,26/32/27/14,51,0,188.6,472,419,4187,4347,4652,6.2,Nov 24-Dec 31,Jan 01-Dec 31,Sep 22,paper_index_hu_temp,Nov 30,0.3,3715
madinah,Mazari'A Wadi Al-Haqool (Madinah),Lettuce,خس,17,Arid Region / Oct/Nov,recommended,Jan 12,Mar 23,71,26/26/18/1,29,0,56.3,293,260,2596,2678,2884,5.79,Dec 01-Dec 31,Jan 01-Dec 31,Oct 14,paper_index_hu_temp,Dec 11,0.0,2193
madinah,Mazari'A Wadi Al-Haqool (Madinah),Potato,بطاطس,70,(Semi)Arid Climate / Jan/Nov,recommended,Jan 21,Apr 24,94,21/27/23/23,61,0,261.0,464,378,3783,3942,4203,6.49,Dec 01-Dec 31,Jan 01-Dec 31,Oct 05,paper_index_hu_temp,Dec 08,0.2,3174
madinah,Mazari'A Wadi Al-Haqool (Madinah),"Beans, green",فاصوليا خضراء,86,"Calif., Egypt, Lebanon / Aug/Sep",recommended,Mar 17,May 04,49,10/16/17/6,15,0,16.8,307,265,2655,2783,2950,7.34,Feb 24-Mar 06; Oct 07-Oct 15,Jan 01-Dec 31,Aug 21,paper_index_hu_temp,Oct 12,1.4,2267
madinah,Mazari'A Wadi Al-Haqool (Madinah),Spinach,سبانخ,26,Arid Region / November,recommended,Feb 03,Mar 11,37,13/12/9/3,36,0,70.6,158,140,1398,1443,1553,5.11,Dec 19-Jan 03,Jan 01-Dec 31,Oct 29,paper_index_hu_temp,Dec 26,0.2,1126
madinah,Mazari'A Wadi Al-Haqool (Madinah),Cucumber {Fresh Market},خيار,42,Arid Region / Nov; Feb,possible_with_risk,Aug 27,Oct 27,62,11/15/25/11,49,0,159.4,371,314,3140,3275,3488,6.23,,Jan 01-Dec 31,Aug 27,paper_index_hu,Sep 22,52.7,3422
madinah,Mazari'A Wadi Al-Haqool (Madinah),Cucumber {Fresh Market},خيار,41,Arid Region / June/Aug,possible_with_risk,Aug 27,Oct 27,62,11/15/25/11,49,0,159.4,371,314,3140,3275,3488,6.23,,Jan 01-Dec 31,Aug 27,paper_index_hu,Sep 22,52.7,3422
madinah,Mazari'A Wadi Al-Haqool (Madinah),EggPlant,باذنجان,30,Arid Region / October,possible_with_risk,Sep 06,Nov 14,70,12/24/25/9,39,0,104.0,378,328,3275,3429,3639,5.64,,Jan 01-Dec 31,Sep 06,paper_index_hu,Sep 23,45.4,3638
madinah,Mazari'A Wadi Al-Haqool (Madinah),Lentil,عدس,106,Arid Region / Oct/Nov,possible_with_risk,Mar 17,May 27,72,6/13/32/21,38,0,100.2,481,398,3984,4177,4426,7.63,,Jan 01-Dec 31,Aug 21,paper_index_hu_temp,Sep 28,36.3,3313
madinah,Mazari'A Wadi Al-Haqool (Madinah),Sweet Melons,شمام,52,Arid Region / Dec/Jan,possible_with_risk,Mar 09,May 26,79,13/33/19/14,16,0,15.1,513,421,4209,4385,4676,7.45,,Jan 01-Dec 31,Aug 19,paper_index_hu_temp,Sep 16,7.4,3662
madinah,Mazari'A Wadi Al-Haqool (Madinah),Sweet peppers {bell},فلفل رومي,33,Arid Region / October,possible_with_risk,Sep 08,Mar 20,194,21/78/90/5,37,104,301.0,749,663,6632,6910,7369,4.05,,Jan 01-Dec 31,Sep 08,paper_index_hu,Oct 13,207.2,8019
madinah,Mazari'A Wadi Al-Haqool (Madinah),Tomato,طماطم,34,Arid Region / January,possible_with_risk,Mar 02,Jun 16,107,21/34/42/10,58,0,218.1,715,680,6800,7115,7555,8.84,,Jan 01-Dec 31,Aug 26,paper_index_hu_temp,Dec 31,98.6,6219
madinah,Mazari'A Wadi Al-Haqool (Madinah),Tomato,طماطم,37,Arid Region / Oct/Nov,possible_with_risk,Mar 02,Jun 16,107,21/34/42/10,58,0,218.1,715,680,6800,7115,7555,8.84,,Jan 01-Dec 31,Aug 26,paper_index_hu_temp,Dec 31,98.6,6219
madinah,Mazari'A Wadi Al-Haqool (Madinah),Okra,بامية,29,Undefined / Undefined,possible_with_risk,Apr 19,Aug 07,111,21/30/40/20,110,0,607.8,867,695,6952,7377,7725,7.82,,Feb 14-Aug 10,Jul 18,paper_index_hu_temp,Aug 10,287.6,5995
madinah,Mazari'A Wadi Al-Haqool (Madinah),Mulukhiyah,ملوخية,62,Undefined / Undefined,possible_with_risk,Apr 14,Aug 31,140,20/30/60/30,134,0,763.9,1078,986,9858,10506,10953,8.65,,Jan 04-Aug 08,Aug 23,paper_index_hu_temp,Aug 08,407.6,7932
makkah,جدة (Jeddah I.E.),Squash,كوسة,47,Medit.; Arid Reg. / Apr; Dec.,recommended,Sep 23,Nov 08,47,7/14/15/11,0,0,0.0,246,199,1994,2093,2216,5.31,Jan 01-Dec 31,Jan 01-Dec 31,Sep 23,paper_index_hu_temp,Oct 14,0.0,2160
makkah,جدة (Jeddah I.E.),Sweet corn,ذرة حلوة,64,Undefined / Undefined,recommended,Jul 22,Sep 16,57,13/19/18/7,0,0,0.0,387,309,3089,3292,3432,7.78,Jan 01-Dec 31,Jan 01-Dec 31,Jul 22,paper_index_hu_temp,Oct 02,0.0,2986
makkah,جدة (Jeddah I.E.),Sweet Melons,شمام,52,Arid Region / Dec/Jan,recommended,Aug 28,Nov 05,70,8/25/20/17,0,0,0.0,395,323,3234,3369,3593,5.71,Jan 01-Dec 31,Jan 01-Dec 31,Aug 28,paper_index_hu_temp,Sep 26,0.0,3419
makkah,جدة (Jeddah I.E.),"Beans, green",فاصوليا خضراء,86,"Calif., Egypt, Lebanon / Aug/Sep",recommended,Apr 02,May 16,45,8/14/17/6,2,0,0.1,293,257,2565,2691,2850,7.27,Sep 21-Apr 14,Jan 01-Dec 31,Aug 25,paper_index_hu_temp,Oct 24,0.0,2104
makkah,جدة (Jeddah I.E.),Watermelon,بطيخ,54,Near East (desert) / Mat/Aug,recommended,Jun 21,Sep 08,80,10/20/20/30,0,0,0.0,569,467,4670,4901,5189,7.74,Mar 02-Sep 18,Mar 02-Sep 18,Jun 21,paper_index_hu_temp,Sep 07,0.0,4202
makkah,جدة (Jeddah I.E.),Cucumber {Fresh Market},خيار,42,Arid Region / Nov; Feb,recommended,Oct 03,Dec 12,71,12/18/29/12,0,0,0.0,338,287,2872,2997,3191,4.82,Sep 21-Mar 18,Jan 01-Dec 31,Sep 15,paper_index_hu_temp,Oct 07,0.0,3176
makkah,جدة (Jeddah I.E.),Cucumber {Fresh Market},خيار,41,Arid Region / June/Aug,recommended,Oct 03,Dec 12,71,12/18/29/12,0,0,0.0,338,287,2872,2997,3191,4.82,Sep 21-Mar 18,Jan 01-Dec 31,Sep 15,paper_index_hu_temp,Oct 07,0.0,3176
makkah,جدة (Jeddah I.E.),EggPlant,باذنجان,30,Arid Region / October,recommended,Oct 07,Dec 21,76,14/27/27/8,0,0,0.0,353,307,3067,3212,3408,4.73,Sep 21-Mar 14,Jan 01-Dec 31,Oct 07,paper_index_hu_temp,Oct 07,0.0,3408
makkah,جدة (Jeddah I.E.),Lentil,عدس,106,Arid Region / Oct/Nov,recommended,Apr 02,Jun 11,71,6/11/31/23,28,0,23.9,482,397,3968,4159,4409,7.46,Sep 21-Mar 14,Jan 01-Dec 31,Aug 25,paper_index_hu_temp,Oct 26,0.0,3176
makkah,جدة (Jeddah I.E.),Onions {dry},بصل,20,Arid Region; Calif. / Oct; Jan.,recommended,Oct 05,Jan 16,104,19/20/41/24,0,0,0.0,473,427,4270,4455,4745,4.81,Sep 21-Feb 14,Jan 01-Dec 31,,lowest_risk,Oct 05,0.0,4745
makkah,جدة (Jeddah I.E.),Tomato,طماطم,34,Arid Region / January,recommended,Oct 03,Jan 18,108,16/32/48/12,0,0,0.0,493,459,4585,4789,5095,4.9,Sep 21-Feb 10,Jan 01-Dec 31,Sep 10,paper_index_hu_temp,Oct 02,0.1,5056
makkah,جدة (Jeddah I.E.),Tomato,طماطم,37,Arid Region / Oct/Nov,recommended,Oct 03,Jan 18,108,16/32/48/12,0,0,0.0,493,459,4585,4789,5095,4.9,Sep 21-Feb 10,Jan 01-Dec 31,Sep 10,paper_index_hu_temp,Oct 02,0.1,5056
makkah,جدة (Jeddah I.E.),Sweet peppers {bell},فلفل رومي,33,Arid Region / October,recommended,Oct 09,Mar 12,155,24/75/53/3,0,0,0.0,717,645,6450,6729,7167,5.97,Sep 21-Dec 31,Jan 01-Dec 31,Oct 09,paper_index_hu_temp,Sep 30,0.4,6982
makkah,جدة (Jeddah I.E.),Mulukhiyah,ملوخية,62,Undefined / Undefined,recommended,May 14,Sep 30,140,20/30/60/30,139,0,245.0,978,879,8794,9360,9771,7.87,Sep 21-Dec 31,Jan 01-Dec 31,Aug 09,paper_index_hu_temp,Sep 30,0.4,7173
makkah,جدة (Jeddah I.E.),Radish,فجل,28,Arid Region / Winter,recommended,Dec 14,Jan 22,40,10/10/15/5,4,0,0.3,169,144,1438,1493,1598,4.1,Dec 04-Feb 02,Jan 01-Dec 31,,lowest_risk,Dec 14,0.3,1598
makkah,جدة (Jeddah I.E.),Broccoli,بروكلي,1,"Calif. Desert, USA / Sept",recommended,Dec 18,Feb 07,52,13/15/19/5,0,0,0.0,224,213,2134,2221,2371,5.13,Dec 04-Jan 21,Jan 01-Dec 31,Nov 14,paper_index_hu_temp,Dec 14,0.3,2358
makkah,جدة (Jeddah I.E.),Garlic,ثوم,11,Undefined / Undefined,recommended,Dec 14,Feb 23,72,18/24/16/14,4,0,0.3,319,279,2785,2900,3095,4.94,Dec 04-Jan 01,Jan 01-Dec 31,,lowest_risk,Dec 14,0.3,3095
makkah,جدة (Jeddah I.E.),Cauliflower,قرنبيط,7,"Calif. Desert, USA / Sept",recommended,Feb 05,Apr 20,75,35/29/8/3,51,0,79.3,404,337,3373,3458,3747,6.66,Dec 04-Dec 31,Jan 01-Dec 31,Oct 19,paper_index_hu_temp,Dec 14,0.3,3354
makkah,جدة (Jeddah I.E.),Cabbage,ملفوف,3,"Calif. Desert, USA / Sept",recommended,Dec 18,Mar 14,87,40/32/11/4,0,0,0.0,403,338,3380,3468,3755,5.73,Dec 04-Dec 31,Jan 01-Dec 31,Nov 14,paper_index_hu_temp,Dec 14,0.3,3701
makkah,جدة (Jeddah I.E.),Spinach,سبانخ,26,Arid Region / November,possible_with_risk,Jan 01,Jan 30,30,10/10/8/2,30,0,117.6,127,112,1120,1155,1244,4.58,,Jan 01-Dec 31,,lowest_risk,Jan 01,117.6,1244
makkah,جدة (Jeddah I.E.),Lettuce,خس,17,Arid Region / Oct/Nov,possible_with_risk,Dec 30,Feb 24,57,18/21/17/1,57,0,116.4,257,228,2281,2353,2535,5.32,,Jan 01-Dec 31,,lowest_risk,Dec 30,116.4,2535
makkah,جدة (Jeddah I.E.),Potato,بطاطس,70,(Semi)Arid Climate / Jan/Nov,possible_with_risk,Dec 16,Mar 12,87,15/23/23/26,87,0,195.4,400,325,3252,3388,3613,5.3,,Jan 01-Dec 31,,lowest_risk,Dec 16,195.4,3613
makkah,جدة (Jeddah I.E.),Carrots,جزر,4,Arid climate / Oct/Jan,possible_with_risk,Dec 16,Mar 12,87,18/25/28/16,87,0,108.4,400,356,3557,3695,3953,5.07,,Jan 01-Dec 31,,lowest_risk,Dec 16,108.4,3953
makkah,جدة (Jeddah I.E.),Okra,بامية,29,Undefined / Undefined,possible_with_risk,May 14,Sep 01,111,21/30/40/20,110,0,215.6,802,634,6345,6723,7050,7.11,,Jan 24-Sep 20,Jul 06,paper_index_hu_temp,Sep 20,5.7,5414
hail,Naqrat Qafar (Hail),Sweet corn,ذرة حلوة,64,Undefined / Undefined,recommended,May 31,Jul 31,62,15/21/18/8,0,0,0.0,546,439,4391,4682,4879,10.3,Mar 16-Aug 17,Mar 02-Aug 21,May 31,paper_index_hu_temp,Jul 11,0.0,4663
hail,Naqrat Qafar (Hail),Onions {dry},بصل,20,Arid Region; Calif. / Oct; Jan.,recommended,Feb 21,Jun 29,129,42/28/40/19,33,0,58.6,865,780,7798,8130,8665,9.1,Sep 02-Dec 31,Jan 01-Dec 31,Jul 15,paper_index_hu_temp,Sep 08,0.3,7490
hail,Naqrat Qafar (Hail),Spinach,سبانخ,26,Arid Region / November,recommended,Mar 24,Apr 29,37,14/12/9/2,32,0,89.2,228,200,1996,2057,2218,7.36,Nov 02-Feb 10,Jan 01-Dec 31,Sep 12,paper_index_hu_temp,Nov 08,0.3,1713
hail,Naqrat Qafar (Hail),Watermelon,بطيخ,54,Near East (desert) / Mat/Aug,recommended,Jun 20,Sep 10,83,11/20/20/32,0,0,0.0,701,573,5733,6016,6370,9.31,Apr 21-Jul 10,Apr 21-Jul 10,,lowest_risk,Jun 20,0.0,6370
hail,Naqrat Qafar (Hail),Squash,كوسة,47,Medit.; Arid Reg. / Apr; Dec.,recommended,Apr 30,Jun 21,53,9/18/16/10,0,0,0.0,433,352,3519,3694,3910,8.69,Apr 16-May 26; Jul 28-Aug 20,Jan 07-Sep 13,Jul 22,paper_index_hu_temp,Aug 11,0.0,3392
hail,Naqrat Qafar (Hail),Radish,فجل,28,Arid Region / Winter,recommended,Mar 24,May 03,41,11/10/15/5,8,0,5.0,257,220,2199,2284,2444,6.7,Mar 16-Mar 24,Feb 11-Nov 01,Sep 12,paper_index_hu_temp,Mar 19,2.1,2340
hail,Naqrat Qafar (Hail),Sweet Melons,شمام,52,Arid Region / Dec/Jan,recommended,Jun 24,Aug 31,69,8/26/19/16,45,0,20.6,592,487,4870,5075,5411,8.76,Apr 22-Apr 22,Dec 11-Aug 19,Jun 24,paper_index_hu_temp,Apr 24,5.2,5912
hail,Naqrat Qafar (Hail),Broccoli,بروكلي,1,"Calif. Desert, USA / Sept",possible_with_risk,Aug 01,Sep 11,42,10/12/15/5,42,0,292.8,335,316,3164,3290,3516,8.81,,Jan 01-Dec 31,Aug 01,paper_index_hu,Mar 14,39.2,4145
hail,Naqrat Qafar (Hail),"Beans, green",فاصوليا خضراء,86,"Calif., Egypt, Lebanon / Aug/Sep",possible_with_risk,May 14,Jun 27,45,8/15/16/6,31,0,52.5,382,331,3309,3470,3677,9.31,,Feb 10-Sep 17,Jun 23,paper_index_hu_temp,Apr 20,12.9,3861
hail,Naqrat Qafar (Hail),Lettuce,خس,17,Arid Region / Oct/Nov,possible_with_risk,Mar 04,May 15,73,30/25/17/1,36,0,116.6,439,385,3845,3960,4272,8.22,,Jan 01-Dec 31,Aug 23,paper_index_hu_temp,Dec 31,43.3,3818
hail,Naqrat Qafar (Hail),Garlic,ثوم,11,Undefined / Undefined,possible_with_risk,Jun 22,Aug 16,56,15/18/12/11,56,0,466.4,491,424,4243,4407,4714,9.25,,Jan 01-Sep 28,Jun 22,paper_index_hu,Feb 23,81.2,5262
hail,Naqrat Qafar (Hail),Cucumber {Fresh Market},خيار,42,Arid Region / Nov; Feb,possible_with_risk,Jul 07,Sep 07,63,11/17/24/11,63,0,173.4,528,449,4492,4688,4991,8.61,,Jan 01-Aug 24,Jul 07,paper_index_hu,Apr 20,76.5,5625
hail,Naqrat Qafar (Hail),Cucumber {Fresh Market},خيار,41,Arid Region / June/Aug,possible_with_risk,Jul 07,Sep 07,63,11/17/24/11,63,0,173.4,528,449,4492,4688,4991,8.61,,Jan 26-Aug 24,Jul 07,paper_index_hu,Apr 20,76.5,5625
hail,Naqrat Qafar (Hail),Cabbage,ملفوف,3,"Calif. Desert, USA / Sept",possible_with_risk,Aug 01,Oct 16,77,32/29/11/5,72,0,366.8,552,452,4519,4623,5022,6.44,,Jan 01-Dec 31,Aug 01,paper_index_hu,Mar 05,188.7,5935
hail,Naqrat Qafar (Hail),Cauliflower,قرنبيط,7,"Calif. Desert, USA / Sept",possible_with_risk,Apr 06,Jun 20,76,39/27/8/2,56,0,234.9,580,477,4773,4885,5303,9.26,,Jan 01-Dec 31,Jul 31,paper_index_hu_temp,Mar 04,153.5,5516
hail,Naqrat Qafar (Hail),EggPlant,باذنجان,30,Arid Region / October,possible_with_risk,Jul 19,Sep 26,70,13/24/25/8,53,0,130.2,550,480,4799,5026,5332,8.33,,Jan 01-Aug 21,Jul 19,paper_index_hu,Apr 17,75.4,6025
hail,Naqrat Qafar (Hail),Lentil,عدس,106,Arid Region / Oct/Nov,possible_with_risk,May 14,Jul 22,70,6/11/31/22,56,0,140.1,605,501,5010,5252,5566,9.39,,Jan 01-Dec 31,Jun 23,paper_index_hu_temp,Apr 13,68.1,5674
hail,Naqrat Qafar (Hail),Potato,بطاطس,70,(Semi)Arid Climate / Jan/Nov,possible_with_risk,Mar 11,Jun 12,94,23/27/22/22,64,0,345.4,643,521,5208,5423,5787,8.87,,Jan 01-Dec 31,Aug 17,paper_index_hu_temp,Dec 30,198.1,5132
hail,Naqrat Qafar (Hail),Carrots,جزر,4,Arid climate / Oct/Jan,possible_with_risk,Mar 05,Jun 11,99,31/30/25/13,58,0,275.0,660,577,5774,5982,6415,8.34,,Jan 06-Sep 06,Aug 02,paper_index_hu_temp,Jan 29,215.6,6685
hail,Naqrat Qafar (Hail),Okra,بامية,29,Undefined / Undefined,possible_with_risk,Jun 15,Oct 14,122,21/30/42/29,87,7,240.3,958,755,7551,7998,8390,8.16,,Mar 31-Jun 25,Jun 15,paper_index_hu,Apr 17,228.1,8876
hail,Naqrat Qafar (Hail),Tomato,طماطم,34,Arid Region / January,possible_with_risk,Apr 23,Aug 04,104,20/33/42/9,69,0,186.1,871,816,8163,8530,9070,9.85,,Jan 04-Aug 08,Jul 05,paper_index_hu_temp,Apr 05,156.7,9128
hail,Naqrat Qafar (Hail),Tomato,طماطم,37,Arid Region / Oct/Nov,possible_with_risk,Apr 23,Aug 04,104,20/33/42/9,69,0,186.1,871,816,8163,8530,9070,9.85,,Nov 02-Sep 02,Jul 05,paper_index_hu_temp,Apr 05,156.7,9128
hail,Naqrat Qafar (Hail),Sweet peppers {bell},فلفل رومي,33,Arid Region / October,possible_with_risk,Apr 19,Aug 28,132,32/61/37/2,93,5,248.3,1095,957,9566,9955,10629,9.76,,Nov 23-Jul 04,Jul 22,lowest_risk,Apr 19,248.3,10629
hail,Naqrat Qafar (Hail),Mulukhiyah,ملوخية,62,Undefined / Undefined,possible_with_risk,May 27,Oct 21,148,20/30/61/37,105,14,271.2,1156,1039,10386,11052,11540,9.37,,Feb 27-Jun 14,Jun 22,paper_index_hu_temp,May 19,255.8,11544
